{
  "num_samples": 400,
  "exact_match": 0.1975,
  "numeric_exact_match": 0.050359712230215826,
  "json_valid_rate": 0.97,
  "schema_pass_rate": 0.25,
  "format_error_rate": 0.03,
  "schema_error_rate": 0.75,
  "faithfulness_rate": 0.1675,
  "citation_precision": 0.24875,
  "citation_consistency_score": 0.22018088266389896,
  "chunk_valid_rate": 0.26,
  "quote_hit_rate": 0.24875,
  "number_coverage_rate": 0.215,
  "entity_or_token_coverage_rate": 0.15697353065559588,
  "missing_evidence_rate": 0.0,
  "wrong_citation_rate": 0.76,
  "unsupported_claim_rate": 0.625,
  "fabricated_number_rate": 0.6,
  "calculation_error_rate": 0.63,
  "over_refusal_rate": 0.07,
  "forced_answer_rate": 0.0,
  "generic_answer_rate": 0.0075,
  "stratified": {
    "dataset": {
      "FinQA": {
        "num_samples": 264,
        "exact_match": 0.03409090909090909,
        "numeric_exact_match": 0.030534351145038167,
        "json_valid_rate": 0.9583333333333334,
        "schema_pass_rate": 0.18181818181818182,
        "format_error_rate": 0.041666666666666664,
        "schema_error_rate": 0.8181818181818182,
        "faithfulness_rate": 0.06818181818181818,
        "citation_precision": 0.17803030303030304,
        "citation_consistency_score": 0.13142540876915876,
        "chunk_valid_rate": 0.18181818181818182,
        "quote_hit_rate": 0.17803030303030304,
        "number_coverage_rate": 0.10606060606060606,
        "entity_or_token_coverage_rate": 0.05979254416754416,
        "missing_evidence_rate": 0.0,
        "wrong_citation_rate": 0.821969696969697,
        "unsupported_claim_rate": 0.8636363636363636,
        "fabricated_number_rate": 0.821969696969697,
        "calculation_error_rate": 0.9166666666666666,
        "over_refusal_rate": 0.10227272727272728,
        "forced_answer_rate": 0.0,
        "generic_answer_rate": 0.0
      },
      "SyntheticUnanswerable": {
        "num_samples": 6,
        "exact_match": 0.0,
        "numeric_exact_match": 0.0,
        "json_valid_rate": 1.0,
        "schema_pass_rate": 0.8333333333333334,
        "format_error_rate": 0.0,
        "schema_error_rate": 0.16666666666666666,
        "faithfulness_rate": 0.8333333333333334,
        "citation_precision": 0.8333333333333334,
        "citation_consistency_score": 0.734775641025641,
        "chunk_valid_rate": 0.9166666666666666,
        "quote_hit_rate": 0.8333333333333334,
        "number_coverage_rate": 1.0,
        "entity_or_token_coverage_rate": 0.1891025641025641,
        "missing_evidence_rate": 0.0,
        "wrong_citation_rate": 0.16666666666666666,
        "unsupported_claim_rate": 0.0,
        "fabricated_number_rate": 0.0,
        "calculation_error_rate": 0.0,
        "over_refusal_rate": 0.0,
        "forced_answer_rate": 0.0,
        "generic_answer_rate": 0.5
      },
      "TAT-QA": {
        "num_samples": 130,
        "exact_match": 0.5384615384615384,
        "numeric_exact_match": 0.375,
        "json_valid_rate": 0.9923076923076923,
        "schema_pass_rate": 0.36153846153846153,
        "format_error_rate": 0.007692307692307693,
        "schema_error_rate": 0.6384615384615384,
        "faithfulness_rate": 0.3384615384615385,
        "citation_precision": 0.36538461538461536,
        "citation_consistency_score": 0.3766722408026756,
        "chunk_valid_rate": 0.38846153846153847,
        "quote_hit_rate": 0.36538461538461536,
        "number_coverage_rate": 0.4,
        "entity_or_token_coverage_rate": 0.3528428093645485,
        "missing_evidence_rate": 0.0,
        "wrong_citation_rate": 0.6615384615384615,
        "unsupported_claim_rate": 0.16923076923076924,
        "fabricated_number_rate": 0.17692307692307693,
        "calculation_error_rate": 0.07692307692307693,
        "over_refusal_rate": 0.007692307692307693,
        "forced_answer_rate": 0.0,
        "generic_answer_rate": 0.0
      }
    },
    "grounding_type": {
      "calculation_hard": {
        "num_samples": 7,
        "exact_match": 0.2857142857142857,
        "numeric_exact_match": 0.2857142857142857,
        "json_valid_rate": 1.0,
        "schema_pass_rate": 0.0,
        "format_error_rate": 0.0,
        "schema_error_rate": 1.0,
        "faithfulness_rate": 0.0,
        "citation_precision": 0.07142857142857142,
        "citation_consistency_score": 0.03571428571428571,
        "chunk_valid_rate": 0.07142857142857142,
        "quote_hit_rate": 0.07142857142857142,
        "number_coverage_rate": 0.0,
        "entity_or_token_coverage_rate": 0.0,
        "missing_evidence_rate": 0.0,
        "wrong_citation_rate": 1.0,
        "unsupported_claim_rate": 0.7142857142857143,
        "fabricated_number_rate": 0.7142857142857143,
        "calculation_error_rate": 0.7142857142857143,
        "over_refusal_rate": 0.0,
        "forced_answer_rate": 0.0,
        "generic_answer_rate": 0.0
      },
      "direct_grounded": {
        "num_samples": 348,
        "exact_match": 0.13218390804597702,
        "numeric_exact_match": 0.033707865168539325,
        "json_valid_rate": 0.9655172413793104,
        "schema_pass_rate": 0.2614942528735632,
        "format_error_rate": 0.034482758620689655,
        "schema_error_rate": 0.7385057471264368,
        "faithfulness_rate": 0.16666666666666666,
        "citation_precision": 0.2543103448275862,
        "citation_consistency_score": 0.2253267218948441,
        "chunk_valid_rate": 0.26580459770114945,
        "quote_hit_rate": 0.2543103448275862,
        "number_coverage_rate": 0.21839080459770116,
        "entity_or_token_coverage_rate": 0.16280114045293956,
        "missing_evidence_rate": 0.0,
        "wrong_citation_rate": 0.75,
        "unsupported_claim_rate": 0.6896551724137931,
        "fabricated_number_rate": 0.6609195402298851,
        "calculation_error_rate": 0.7068965517241379,
        "over_refusal_rate": 0.08045977011494253,
        "forced_answer_rate": 0.0,
        "generic_answer_rate": 0.0
      },
      "numeric_grounded": {
        "num_samples": 39,
        "exact_match": 0.7948717948717948,
        "numeric_exact_match": 0.75,
        "json_valid_rate": 1.0,
        "schema_pass_rate": 0.10256410256410256,
        "format_error_rate": 0.0,
        "schema_error_rate": 0.8974358974358975,
        "faithfulness_rate": 0.10256410256410256,
        "citation_precision": 0.14102564102564102,
        "citation_consistency_score": 0.1282051282051282,
        "chunk_valid_rate": 0.14102564102564102,
        "quote_hit_rate": 0.14102564102564102,
        "number_coverage_rate": 0.10256410256410256,
        "entity_or_token_coverage_rate": 0.1282051282051282,
        "missing_evidence_rate": 0.0,
        "wrong_citation_rate": 0.8974358974358975,
        "unsupported_claim_rate": 0.1282051282051282,
        "fabricated_number_rate": 0.1282051282051282,
        "calculation_error_rate": 0.02564102564102564,
        "over_refusal_rate": 0.0,
        "forced_answer_rate": 0.0,
        "generic_answer_rate": 0.0
      },
      "unanswerable": {
        "num_samples": 6,
        "exact_match": 0.0,
        "numeric_exact_match": 0.0,
        "json_valid_rate": 1.0,
        "schema_pass_rate": 0.8333333333333334,
        "format_error_rate": 0.0,
        "schema_error_rate": 0.16666666666666666,
        "faithfulness_rate": 0.8333333333333334,
        "citation_precision": 0.8333333333333334,
        "citation_consistency_score": 0.734775641025641,
        "chunk_valid_rate": 0.9166666666666666,
        "quote_hit_rate": 0.8333333333333334,
        "number_coverage_rate": 1.0,
        "entity_or_token_coverage_rate": 0.1891025641025641,
        "missing_evidence_rate": 0.0,
        "wrong_citation_rate": 0.16666666666666666,
        "unsupported_claim_rate": 0.0,
        "fabricated_number_rate": 0.0,
        "calculation_error_rate": 0.0,
        "over_refusal_rate": 0.0,
        "forced_answer_rate": 0.0,
        "generic_answer_rate": 0.5
      }
    },
    "answerability_type": {
      "answerable": {
        "num_samples": 394,