{
  "num_samples": 400,
  "exact_match": 0.32,
  "numeric_exact_match": 0.16546762589928057,
  "json_valid_rate": 1.0,
  "schema_pass_rate": 0.9925,
  "format_error_rate": 0.0,
  "schema_error_rate": 0.0075,
  "faithfulness_rate": 0.34,
  "citation_precision": 0.6275,
  "citation_consistency_score": 0.558125,
  "chunk_valid_rate": 0.9725,
  "quote_hit_rate": 0.64,
  "number_coverage_rate": 0.3425,
  "entity_or_token_coverage_rate": 0.2775,
  "missing_evidence_rate": 0.02,
  "wrong_citation_rate": 0.34,
  "unsupported_claim_rate": 0.565,
  "fabricated_number_rate": 0.5475,
  "calculation_error_rate": 0.58,
  "over_refusal_rate": 0.02,
  "forced_answer_rate": 0.0025,
  "generic_answer_rate": 0.0,
  "stratified": {
    "dataset": {
      "FinQA": {
        "num_samples": 264,
        "exact_match": 0.13636363636363635,
        "numeric_exact_match": 0.13358778625954199,
        "json_valid_rate": 1.0,
        "schema_pass_rate": 1.0,
        "format_error_rate": 0.0,
        "schema_error_rate": 0.0,
        "faithfulness_rate": 0.06439393939393939,
        "citation_precision": 0.5113636363636364,
        "citation_consistency_score": 0.39204545454545453,
        "chunk_valid_rate": 0.9772727272727273,
        "quote_hit_rate": 0.5113636363636364,
        "number_coverage_rate": 0.05303030303030303,
        "entity_or_token_coverage_rate": 0.026515151515151516,
        "missing_evidence_rate": 0.022727272727272728,
        "wrong_citation_rate": 0.4659090909090909,
        "unsupported_claim_rate": 0.8371212121212122,
        "fabricated_number_rate": 0.8143939393939394,
        "calculation_error_rate": 0.8598484848484849,
        "over_refusal_rate": 0.022727272727272728,
        "forced_answer_rate": 0.0,
        "generic_answer_rate": 0.0
      },
      "SyntheticUnanswerable": {
        "num_samples": 6,
        "exact_match": 0.8333333333333334,
        "numeric_exact_match": 0.0,
        "json_valid_rate": 1.0,
        "schema_pass_rate": 1.0,
        "format_error_rate": 0.0,
        "schema_error_rate": 0.0,
        "faithfulness_rate": 0.8333333333333334,
        "citation_precision": 0.16666666666666666,
        "citation_consistency_score": 0.9166666666666666,
        "chunk_valid_rate": 1.0,
        "quote_hit_rate": 1.0,
        "number_coverage_rate": 0.8333333333333334,
        "entity_or_token_coverage_rate": 0.8333333333333334,
        "missing_evidence_rate": 0.0,
        "wrong_citation_rate": 0.0,
        "unsupported_claim_rate": 0.16666666666666666,
        "fabricated_number_rate": 0.16666666666666666,
        "calculation_error_rate": 0.0,
        "over_refusal_rate": 0.0,
        "forced_answer_rate": 0.16666666666666666,
        "generic_answer_rate": 0.0
      },
      "TAT-QA": {
        "num_samples": 130,
        "exact_match": 0.6692307692307692,
        "numeric_exact_match": 0.6875,
        "json_valid_rate": 1.0,
        "schema_pass_rate": 0.9769230769230769,
        "format_error_rate": 0.0,
        "schema_error_rate": 0.023076923076923078,
        "faithfulness_rate": 0.8769230769230769,
        "citation_precision": 0.8846153846153846,
        "citation_consistency_score": 0.8788461538461538,
        "chunk_valid_rate": 0.9615384615384616,
        "quote_hit_rate": 0.8846153846153846,
        "number_coverage_rate": 0.9076923076923077,
        "entity_or_token_coverage_rate": 0.7615384615384615,
        "missing_evidence_rate": 0.015384615384615385,
        "wrong_citation_rate": 0.1,
        "unsupported_claim_rate": 0.03076923076923077,
        "fabricated_number_rate": 0.023076923076923078,
        "calculation_error_rate": 0.038461538461538464,
        "over_refusal_rate": 0.015384615384615385,
        "forced_answer_rate": 0.0,
        "generic_answer_rate": 0.0
      }
    },
    "grounding_type": {
      "calculation_hard": {
        "num_samples": 7,
        "exact_match": 0.5714285714285714,
        "numeric_exact_match": 0.5714285714285714,
        "json_valid_rate": 1.0,
        "schema_pass_rate": 1.0,
        "format_error_rate": 0.0,
        "schema_error_rate": 0.0,
        "faithfulness_rate": 0.14285714285714285,
        "citation_precision": 0.2857142857142857,
        "citation_consistency_score": 0.39285714285714285,
        "chunk_valid_rate": 0.8571428571428571,
        "quote_hit_rate": 0.2857142857142857,
        "number_coverage_rate": 0.14285714285714285,
        "entity_or_token_coverage_rate": 0.2857142857142857,
        "missing_evidence_rate": 0.14285714285714285,
        "wrong_citation_rate": 0.5714285714285714,
        "unsupported_claim_rate": 0.2857142857142857,
        "fabricated_number_rate": 0.2857142857142857,
        "calculation_error_rate": 0.42857142857142855,
        "over_refusal_rate": 0.14285714285714285,
        "forced_answer_rate": 0.0,
        "generic_answer_rate": 0.0
      },
      "direct_grounded": {
        "num_samples": 348,
        "exact_match": 0.2413793103448276,
        "numeric_exact_match": 0.14606741573033707,
        "json_valid_rate": 1.0,
        "schema_pass_rate": 0.9971264367816092,
        "format_error_rate": 0.0,
        "schema_error_rate": 0.0028735632183908046,
        "faithfulness_rate": 0.27298850574712646,
        "citation_precision": 0.6120689655172413,
        "citation_consistency_score": 0.5280172413793104,
        "chunk_valid_rate": 0.9770114942528736,
        "quote_hit_rate": 0.6120689655172413,
        "number_coverage_rate": 0.27586206896551724,
        "entity_or_token_coverage_rate": 0.2471264367816092,
        "missing_evidence_rate": 0.020114942528735632,
        "wrong_citation_rate": 0.367816091954023,
        "unsupported_claim_rate": 0.6408045977011494,
        "fabricated_number_rate": 0.6206896551724138,
        "calculation_error_rate": 0.6551724137931034,
        "over_refusal_rate": 0.020114942528735632,
        "forced_answer_rate": 0.0,
        "generic_answer_rate": 0.0
      },
      "numeric_grounded": {
        "num_samples": 39,
        "exact_match": 0.8974358974358975,
        "numeric_exact_match": 0.75,
        "json_valid_rate": 1.0,
        "schema_pass_rate": 0.9487179487179487,
        "format_error_rate": 0.0,
        "schema_error_rate": 0.05128205128205128,
        "faithfulness_rate": 0.8974358974358975,
        "citation_precision": 0.8974358974358975,
        "citation_consistency_score": 0.8012820512820513,
        "chunk_valid_rate": 0.9487179487179487,
        "quote_hit_rate": 0.8974358974358975,
        "number_coverage_rate": 0.8974358974358975,
        "entity_or_token_coverage_rate": 0.46153846153846156,
        "missing_evidence_rate": 0.0,
        "wrong_citation_rate": 0.10256410256410256,
        "unsupported_claim_rate": 0.0,
        "fabricated_number_rate": 0.0,
        "calculation_error_rate": 0.02564102564102564,
        "over_refusal_rate": 0.0,
        "forced_answer_rate": 0.0,
        "generic_answer_rate": 0.0
      },
      "unanswerable": {
        "num_samples": 6,
        "exact_match": 0.8333333333333334,
        "numeric_exact_match": 0.0,
        "json_valid_rate": 1.0,
        "schema_pass_rate": 1.0,
        "format_error_rate": 0.0,
        "schema_error_rate": 0.0,
        "faithfulness_rate": 0.8333333333333334,
        "citation_precision": 0.16666666666666666,
        "citation_consistency_score": 0.9166666666666666,
        "chunk_valid_rate": 1.0,
        "quote_hit_rate": 1.0,
        "number_coverage_rate": 0.8333333333333334,
        "entity_or_token_coverage_rate": 0.8333333333333334,
        "missing_evidence_rate": 0.0,
        "wrong_citation_rate": 0.0,
        "unsupported_claim_rate": 0.16666666666666666,
        "fabricated_number_rate": 0.16666666666666666,
        "calculation_error_rate": 0.0,
        "over_refusal_rate": 0.0,
        "forced_answer_rate": 0.16666666666666666,
        "generic_answer_rate": 0.0
      }
    },
    "answerability_type": {
      "answerable": {
        "num_samples": 394,