{
  "num_samples": 400,
  "exact_match": 0.3175,
  "numeric_exact_match": 0.15827338129496402,
  "json_valid_rate": 1.0,
  "schema_pass_rate": 0.9925,
  "format_error_rate": 0.0,
  "schema_error_rate": 0.0075,
  "faithfulness_rate": 0.3375,
  "citation_precision": 0.64,
  "citation_consistency_score": 0.56,
  "chunk_valid_rate": 0.9725,
  "quote_hit_rate": 0.6525,
  "number_coverage_rate": 0.34,
  "entity_or_token_coverage_rate": 0.275,
  "missing_evidence_rate": 0.02,
  "wrong_citation_rate": 0.3275,
  "unsupported_claim_rate": 0.5725,
  "fabricated_number_rate": 0.555,
  "calculation_error_rate": 0.585,
  "over_refusal_rate": 0.02,
  "forced_answer_rate": 0.0025,
  "generic_answer_rate": 0.0,
  "stratified": {
    "dataset": {
      "FinQA": {
        "num_samples": 264,
        "exact_match": 0.12878787878787878,
        "numeric_exact_match": 0.12595419847328243,
        "json_valid_rate": 1.0,
        "schema_pass_rate": 1.0,
        "format_error_rate": 0.0,
        "schema_error_rate": 0.0,
        "faithfulness_rate": 0.06060606060606061,
        "citation_precision": 0.5303030303030303,
        "citation_consistency_score": 0.39488636363636365,
        "chunk_valid_rate": 0.9772727272727273,
        "quote_hit_rate": 0.5303030303030303,
        "number_coverage_rate": 0.04924242424242424,
        "entity_or_token_coverage_rate": 0.022727272727272728,
        "missing_evidence_rate": 0.022727272727272728,
        "wrong_citation_rate": 0.44696969696969696,
        "unsupported_claim_rate": 0.8484848484848485,
        "fabricated_number_rate": 0.8257575757575758,
        "calculation_error_rate": 0.8674242424242424,
        "over_refusal_rate": 0.022727272727272728,
        "forced_answer_rate": 0.0,
        "generic_answer_rate": 0.0
      },
      "SyntheticUnanswerable": {
        "num_samples": 6,
        "exact_match": 0.8333333333333334,
        "numeric_exact_match": 0.0,
        "json_valid_rate": 1.0,
        "schema_pass_rate": 1.0,
        "format_error_rate": 0.0,
        "schema_error_rate": 0.0,
        "faithfulness_rate": 0.8333333333333334,
        "citation_precision": 0.16666666666666666,
        "citation_consistency_score": 0.9166666666666666,
        "chunk_valid_rate": 1.0,
        "quote_hit_rate": 1.0,
        "number_coverage_rate": 0.8333333333333334,
        "entity_or_token_coverage_rate": 0.8333333333333334,
        "missing_evidence_rate": 0.0,
        "wrong_citation_rate": 0.0,
        "unsupported_claim_rate": 0.16666666666666666,
        "fabricated_number_rate": 0.16666666666666666,
        "calculation_error_rate": 0.0,
        "over_refusal_rate": 0.0,
        "forced_answer_rate": 0.16666666666666666,
        "generic_answer_rate": 0.0
      },
      "TAT-QA": {
        "num_samples": 130,
        "exact_match": 0.676923076923077,
        "numeric_exact_match": 0.6875,
        "json_valid_rate": 1.0,
        "schema_pass_rate": 0.9769230769230769,
        "format_error_rate": 0.0,
        "schema_error_rate": 0.023076923076923078,
        "faithfulness_rate": 0.8769230769230769,
        "citation_precision": 0.8846153846153846,
        "citation_consistency_score": 0.8788461538461538,
        "chunk_valid_rate": 0.9615384615384616,
        "quote_hit_rate": 0.8846153846153846,
        "number_coverage_rate": 0.9076923076923077,
        "entity_or_token_coverage_rate": 0.7615384615384615,
        "missing_evidence_rate": 0.015384615384615385,
        "wrong_citation_rate": 0.1,
        "unsupported_claim_rate": 0.03076923076923077,
        "fabricated_number_rate": 0.023076923076923078,
        "calculation_error_rate": 0.038461538461538464,
        "over_refusal_rate": 0.015384615384615385,
        "forced_answer_rate": 0.0,
        "generic_answer_rate": 0.0
      }
    },
    "grounding_type": {
      "calculation_hard": {
        "num_samples": 7,
        "exact_match": 0.5714285714285714,
        "numeric_exact_match": 0.5714285714285714,
        "json_valid_rate": 1.0,
        "schema_pass_rate": 1.0,
        "format_error_rate": 0.0,
        "schema_error_rate": 0.0,
        "faithfulness_rate": 0.14285714285714285,
        "citation_precision": 0.2857142857142857,
        "citation_consistency_score": 0.39285714285714285,
        "chunk_valid_rate": 0.8571428571428571,
        "quote_hit_rate": 0.2857142857142857,
        "number_coverage_rate": 0.14285714285714285,
        "entity_or_token_coverage_rate": 0.2857142857142857,
        "missing_evidence_rate": 0.14285714285714285,
        "wrong_citation_rate": 0.5714285714285714,
        "unsupported_claim_rate": 0.2857142857142857,
        "fabricated_number_rate": 0.2857142857142857,
        "calculation_error_rate": 0.42857142857142855,
        "over_refusal_rate": 0.14285714285714285,
        "forced_answer_rate": 0.0,
        "generic_answer_rate": 0.0
      },
      "direct_grounded": {
        "num_samples": 348,
        "exact_match": 0.23850574712643677,
        "numeric_exact_match": 0.13857677902621723,
        "json_valid_rate": 1.0,
        "schema_pass_rate": 0.9971264367816092,
        "format_error_rate": 0.0,
        "schema_error_rate": 0.0028735632183908046,
        "faithfulness_rate": 0.27011494252873564,
        "citation_precision": 0.6264367816091954,
        "citation_consistency_score": 0.5301724137931034,
        "chunk_valid_rate": 0.9770114942528736,
        "quote_hit_rate": 0.6264367816091954,
        "number_coverage_rate": 0.27298850574712646,
        "entity_or_token_coverage_rate": 0.2442528735632184,
        "missing_evidence_rate": 0.020114942528735632,
        "wrong_citation_rate": 0.35344827586206895,
        "unsupported_claim_rate": 0.6494252873563219,
        "fabricated_number_rate": 0.6293103448275862,
        "calculation_error_rate": 0.6609195402298851,
        "over_refusal_rate": 0.020114942528735632,
        "forced_answer_rate": 0.0,
        "generic_answer_rate": 0.0
      },
      "numeric_grounded": {
        "num_samples": 39,
        "exact_match": 0.8974358974358975,
        "numeric_exact_match": 0.75,
        "json_valid_rate": 1.0,
        "schema_pass_rate": 0.9487179487179487,
        "format_error_rate": 0.0,
        "schema_error_rate": 0.05128205128205128,
        "faithfulness_rate": 0.8974358974358975,
        "citation_precision": 0.8974358974358975,
        "citation_consistency_score": 0.8012820512820513,
        "chunk_valid_rate": 0.9487179487179487,
        "quote_hit_rate": 0.8974358974358975,
        "number_coverage_rate": 0.8974358974358975,
        "entity_or_token_coverage_rate": 0.46153846153846156,
        "missing_evidence_rate": 0.0,
        "wrong_citation_rate": 0.10256410256410256,
        "unsupported_claim_rate": 0.0,
        "fabricated_number_rate": 0.0,
        "calculation_error_rate": 0.02564102564102564,
        "over_refusal_rate": 0.0,
        "forced_answer_rate": 0.0,
        "generic_answer_rate": 0.0
      },
      "unanswerable": {
        "num_samples": 6,
        "exact_match": 0.8333333333333334,
        "numeric_exact_match": 0.0,
        "json_valid_rate": 1.0,
        "schema_pass_rate": 1.0,
        "format_error_rate": 0.0,
        "schema_error_rate": 0.0,
        "faithfulness_rate": 0.8333333333333334,
        "citation_precision": 0.16666666666666666,
        "citation_consistency_score": 0.9166666666666666,
        "chunk_valid_rate": 1.0,
        "quote_hit_rate": 1.0,
        "number_coverage_rate": 0.8333333333333334,
        "entity_or_token_coverage_rate": 0.8333333333333334,
        "missing_evidence_rate": 0.0,
        "wrong_citation_rate": 0.0,
        "unsupported_claim_rate": 0.16666666666666666,
        "fabricated_number_rate": 0.16666666666666666,
        "calculation_error_rate": 0.0,
        "over_refusal_rate": 0.0,
        "forced_answer_rate": 0.16666666666666666,
        "generic_answer_rate": 0.0
      }
    },
    "answerability_type": {
      "answerable": {
        "num_samples": 394,