{
  "num_samples": 400,
  "exact_match": 0.3275,
  "numeric_exact_match": 0.17266187050359713,
  "json_valid_rate": 1.0,
  "schema_pass_rate": 0.995,
  "format_error_rate": 0.0,
  "schema_error_rate": 0.005,
  "faithfulness_rate": 0.4125,
  "citation_precision": 0.945,
  "citation_consistency_score": 0.636875,
  "chunk_valid_rate": 0.9825,
  "quote_hit_rate": 0.9575,
  "number_coverage_rate": 0.3375,
  "entity_or_token_coverage_rate": 0.27,
  "missing_evidence_rate": 0.0125,
  "wrong_citation_rate": 0.03,
  "unsupported_claim_rate": 0.5575,
  "fabricated_number_rate": 0.55,
  "calculation_error_rate": 0.575,
  "over_refusal_rate": 0.0125,
  "forced_answer_rate": 0.0025,
  "generic_answer_rate": 0.0,
  "stratified": {
    "dataset": {
      "FinQA": {
        "num_samples": 264,
        "exact_match": 0.14772727272727273,
        "numeric_exact_match": 0.1450381679389313,
        "json_valid_rate": 1.0,
        "schema_pass_rate": 1.0,
        "format_error_rate": 0.0,
        "schema_error_rate": 0.0,
        "faithfulness_rate": 0.17045454545454544,
        "citation_precision": 0.9924242424242424,
        "citation_consistency_score": 0.5085227272727273,
        "chunk_valid_rate": 0.9924242424242424,
        "quote_hit_rate": 0.9924242424242424,
        "number_coverage_rate": 0.03409090909090909,
        "entity_or_token_coverage_rate": 0.015151515151515152,
        "missing_evidence_rate": 0.007575757575757576,
        "wrong_citation_rate": 0.0,
        "unsupported_claim_rate": 0.8295454545454546,
        "fabricated_number_rate": 0.821969696969697,
        "calculation_error_rate": 0.8484848484848485,
        "over_refusal_rate": 0.007575757575757576,
        "forced_answer_rate": 0.0,
        "generic_answer_rate": 0.0
      },
      "SyntheticUnanswerable": {
        "num_samples": 6,
        "exact_match": 0.8333333333333334,
        "numeric_exact_match": 0.0,
        "json_valid_rate": 1.0,
        "schema_pass_rate": 1.0,
        "format_error_rate": 0.0,
        "schema_error_rate": 0.0,
        "faithfulness_rate": 0.8333333333333334,
        "citation_precision": 0.16666666666666666,
        "citation_consistency_score": 0.9166666666666666,
        "chunk_valid_rate": 1.0,
        "quote_hit_rate": 1.0,
        "number_coverage_rate": 0.8333333333333334,
        "entity_or_token_coverage_rate": 0.8333333333333334,
        "missing_evidence_rate": 0.0,
        "wrong_citation_rate": 0.0,
        "unsupported_claim_rate": 0.16666666666666666,
        "fabricated_number_rate": 0.16666666666666666,
        "calculation_error_rate": 0.0,
        "over_refusal_rate": 0.0,
        "forced_answer_rate": 0.16666666666666666,
        "generic_answer_rate": 0.0
      },
      "TAT-QA": {
        "num_samples": 130,
        "exact_match": 0.6692307692307692,
        "numeric_exact_match": 0.625,
        "json_valid_rate": 1.0,
        "schema_pass_rate": 0.9846153846153847,
        "format_error_rate": 0.0,
        "schema_error_rate": 0.015384615384615385,
        "faithfulness_rate": 0.8846153846153846,
        "citation_precision": 0.8846153846153846,
        "citation_consistency_score": 0.8846153846153846,
        "chunk_valid_rate": 0.9615384615384616,
        "quote_hit_rate": 0.8846153846153846,
        "number_coverage_rate": 0.9307692307692308,
        "entity_or_token_coverage_rate": 0.7615384615384615,
        "missing_evidence_rate": 0.023076923076923078,
        "wrong_citation_rate": 0.09230769230769231,
        "unsupported_claim_rate": 0.023076923076923078,
        "fabricated_number_rate": 0.015384615384615385,
        "calculation_error_rate": 0.046153846153846156,
        "over_refusal_rate": 0.023076923076923078,
        "forced_answer_rate": 0.0,
        "generic_answer_rate": 0.0
      }
    },
    "grounding_type": {
      "calculation_hard": {
        "num_samples": 7,
        "exact_match": 0.5714285714285714,
        "numeric_exact_match": 0.5714285714285714,
        "json_valid_rate": 1.0,
        "schema_pass_rate": 1.0,
        "format_error_rate": 0.0,
        "schema_error_rate": 0.0,
        "faithfulness_rate": 0.0,
        "citation_precision": 0.0,
        "citation_consistency_score": 0.35714285714285715,
        "chunk_valid_rate": 0.8571428571428571,
        "quote_hit_rate": 0.0,
        "number_coverage_rate": 0.14285714285714285,
        "entity_or_token_coverage_rate": 0.42857142857142855,
        "missing_evidence_rate": 0.14285714285714285,
        "wrong_citation_rate": 0.8571428571428571,
        "unsupported_claim_rate": 0.14285714285714285,
        "fabricated_number_rate": 0.2857142857142857,
        "calculation_error_rate": 0.42857142857142855,
        "over_refusal_rate": 0.14285714285714285,
        "forced_answer_rate": 0.0,
        "generic_answer_rate": 0.0
      },
      "direct_grounded": {
        "num_samples": 348,
        "exact_match": 0.25,
        "numeric_exact_match": 0.15355805243445692,
        "json_valid_rate": 1.0,
        "schema_pass_rate": 1.0,
        "format_error_rate": 0.0,
        "schema_error_rate": 0.0,
        "faithfulness_rate": 0.35344827586206895,
        "citation_precision": 0.9770114942528736,
        "citation_consistency_score": 0.6163793103448276,
        "chunk_valid_rate": 0.9885057471264368,
        "quote_hit_rate": 0.9770114942528736,
        "number_coverage_rate": 0.26436781609195403,
        "entity_or_token_coverage_rate": 0.23563218390804597,
        "missing_evidence_rate": 0.011494252873563218,
        "wrong_citation_rate": 0.011494252873563218,
        "unsupported_claim_rate": 0.6350574712643678,
        "fabricated_number_rate": 0.6235632183908046,
        "calculation_error_rate": 0.6494252873563219,
        "over_refusal_rate": 0.011494252873563218,
        "forced_answer_rate": 0.0,
        "generic_answer_rate": 0.0
      },
      "numeric_grounded": {
        "num_samples": 39,
        "exact_match": 0.8974358974358975,
        "numeric_exact_match": 0.75,
        "json_valid_rate": 1.0,
        "schema_pass_rate": 0.9487179487179487,
        "format_error_rate": 0.0,
        "schema_error_rate": 0.05128205128205128,
        "faithfulness_rate": 0.9487179487179487,
        "citation_precision": 0.9487179487179487,
        "citation_consistency_score": 0.8269230769230769,
        "chunk_valid_rate": 0.9487179487179487,
        "quote_hit_rate": 0.9487179487179487,
        "number_coverage_rate": 0.9487179487179487,
        "entity_or_token_coverage_rate": 0.46153846153846156,
        "missing_evidence_rate": 0.0,
        "wrong_citation_rate": 0.05128205128205128,
        "unsupported_claim_rate": 0.0,
        "fabricated_number_rate": 0.0,
        "calculation_error_rate": 0.02564102564102564,
        "over_refusal_rate": 0.0,
        "forced_answer_rate": 0.0,
        "generic_answer_rate": 0.0
      },
      "unanswerable": {
        "num_samples": 6,
        "exact_match": 0.8333333333333334,
        "numeric_exact_match": 0.0,
        "json_valid_rate": 1.0,
        "schema_pass_rate": 1.0,
        "format_error_rate": 0.0,
        "schema_error_rate": 0.0,
        "faithfulness_rate": 0.8333333333333334,
        "citation_precision": 0.16666666666666666,
        "citation_consistency_score": 0.9166666666666666,
        "chunk_valid_rate": 1.0,
        "quote_hit_rate": 1.0,
        "number_coverage_rate": 0.8333333333333334,
        "entity_or_token_coverage_rate": 0.8333333333333334,
        "missing_evidence_rate": 0.0,
        "wrong_citation_rate": 0.0,
        "unsupported_claim_rate": 0.16666666666666666,
        "fabricated_number_rate": 0.16666666666666666,
        "calculation_error_rate": 0.0,
        "over_refusal_rate": 0.0,
        "forced_answer_rate": 0.16666666666666666,
        "generic_answer_rate": 0.0
      }
    },
    "answerability_type": {
      "answerable": {
        "num_samples": 394,
        "exact_match": 0.3197969543147208,
        "numeric_exact_match": 0.17266187050359713,