{
  "num_samples": 400,
  "exact_match": 0.33,
  "numeric_exact_match": 0.17266187050359713,
  "json_valid_rate": 1.0,
  "schema_pass_rate": 0.9925,
  "format_error_rate": 0.0,
  "schema_error_rate": 0.0075,
  "faithfulness_rate": 0.42,
  "citation_precision": 0.895,
  "citation_consistency_score": 0.633125,
  "chunk_valid_rate": 0.9825,
  "quote_hit_rate": 0.9075,
  "number_coverage_rate": 0.35,
  "entity_or_token_coverage_rate": 0.2925,
  "missing_evidence_rate": 0.01,
  "wrong_citation_rate": 0.0825,
  "unsupported_claim_rate": 0.54,
  "fabricated_number_rate": 0.535,
  "calculation_error_rate": 0.575,
  "over_refusal_rate": 0.01,
  "forced_answer_rate": 0.0025,
  "generic_answer_rate": 0.0,
  "stratified": {
    "dataset": {
      "FinQA": {
        "num_samples": 264,
        "exact_match": 0.15151515151515152,
        "numeric_exact_match": 0.14885496183206107,
        "json_valid_rate": 1.0,
        "schema_pass_rate": 1.0,
        "format_error_rate": 0.0,
        "schema_error_rate": 0.0,
        "faithfulness_rate": 0.17803030303030304,
        "citation_precision": 0.9128787878787878,
        "citation_consistency_score": 0.5018939393939394,
        "chunk_valid_rate": 0.9924242424242424,
        "quote_hit_rate": 0.9128787878787878,
        "number_coverage_rate": 0.06060606060606061,
        "entity_or_token_coverage_rate": 0.041666666666666664,
        "missing_evidence_rate": 0.007575757575757576,
        "wrong_citation_rate": 0.07954545454545454,
        "unsupported_claim_rate": 0.7992424242424242,
        "fabricated_number_rate": 0.7916666666666666,
        "calculation_error_rate": 0.8446969696969697,
        "over_refusal_rate": 0.007575757575757576,
        "forced_answer_rate": 0.0,
        "generic_answer_rate": 0.0
      },
      "SyntheticUnanswerable": {
        "num_samples": 6,
        "exact_match": 0.8333333333333334,
        "numeric_exact_match": 0.0,
        "json_valid_rate": 1.0,
        "schema_pass_rate": 1.0,
        "format_error_rate": 0.0,
        "schema_error_rate": 0.0,
        "faithfulness_rate": 0.8333333333333334,
        "citation_precision": 0.16666666666666666,
        "citation_consistency_score": 0.9166666666666666,
        "chunk_valid_rate": 1.0,
        "quote_hit_rate": 1.0,
        "number_coverage_rate": 0.8333333333333334,
        "entity_or_token_coverage_rate": 0.8333333333333334,
        "missing_evidence_rate": 0.0,
        "wrong_citation_rate": 0.0,
        "unsupported_claim_rate": 0.16666666666666666,
        "fabricated_number_rate": 0.16666666666666666,
        "calculation_error_rate": 0.0,
        "over_refusal_rate": 0.0,
        "forced_answer_rate": 0.16666666666666666,
        "generic_answer_rate": 0.0
      },
      "TAT-QA": {
        "num_samples": 130,
        "exact_match": 0.6692307692307692,
        "numeric_exact_match": 0.5625,
        "json_valid_rate": 1.0,
        "schema_pass_rate": 0.9769230769230769,
        "format_error_rate": 0.0,
        "schema_error_rate": 0.023076923076923078,
        "faithfulness_rate": 0.8923076923076924,
        "citation_precision": 0.8923076923076924,
        "citation_consistency_score": 0.8865384615384615,
        "chunk_valid_rate": 0.9615384615384616,
        "quote_hit_rate": 0.8923076923076924,
        "number_coverage_rate": 0.9153846153846154,
        "entity_or_token_coverage_rate": 0.7769230769230769,
        "missing_evidence_rate": 0.015384615384615385,
        "wrong_citation_rate": 0.09230769230769231,
        "unsupported_claim_rate": 0.03076923076923077,
        "fabricated_number_rate": 0.03076923076923077,
        "calculation_error_rate": 0.05384615384615385,
        "over_refusal_rate": 0.015384615384615385,
        "forced_answer_rate": 0.0,
        "generic_answer_rate": 0.0
      }
    },
    "grounding_type": {
      "calculation_hard": {
        "num_samples": 7,
        "exact_match": 0.5714285714285714,
        "numeric_exact_match": 0.5714285714285714,
        "json_valid_rate": 1.0,
        "schema_pass_rate": 1.0,
        "format_error_rate": 0.0,
        "schema_error_rate": 0.0,
        "faithfulness_rate": 0.14285714285714285,
        "citation_precision": 0.14285714285714285,
        "citation_consistency_score": 0.39285714285714285,
        "chunk_valid_rate": 0.8571428571428571,
        "quote_hit_rate": 0.14285714285714285,
        "number_coverage_rate": 0.14285714285714285,
        "entity_or_token_coverage_rate": 0.42857142857142855,
        "missing_evidence_rate": 0.14285714285714285,
        "wrong_citation_rate": 0.7142857142857143,
        "unsupported_claim_rate": 0.14285714285714285,
        "fabricated_number_rate": 0.2857142857142857,
        "calculation_error_rate": 0.42857142857142855,
        "over_refusal_rate": 0.14285714285714285,
        "forced_answer_rate": 0.0,
        "generic_answer_rate": 0.0
      },
      "direct_grounded": {
        "num_samples": 348,
        "exact_match": 0.2557471264367816,
        "numeric_exact_match": 0.15730337078651685,
        "json_valid_rate": 1.0,
        "schema_pass_rate": 0.9971264367816092,
        "format_error_rate": 0.0,
        "schema_error_rate": 0.0028735632183908046,
        "faithfulness_rate": 0.3620689655172414,
        "citation_precision": 0.9195402298850575,
        "citation_consistency_score": 0.6135057471264368,
        "chunk_valid_rate": 0.9885057471264368,
        "quote_hit_rate": 0.9195402298850575,
        "number_coverage_rate": 0.28448275862068967,
        "entity_or_token_coverage_rate": 0.2614942528735632,
        "missing_evidence_rate": 0.008620689655172414,
        "wrong_citation_rate": 0.07183908045977011,
        "unsupported_claim_rate": 0.6120689655172413,
        "fabricated_number_rate": 0.603448275862069,
        "calculation_error_rate": 0.646551724137931,
        "over_refusal_rate": 0.008620689655172414,
        "forced_answer_rate": 0.0,
        "generic_answer_rate": 0.0
      },
      "numeric_grounded": {
        "num_samples": 39,
        "exact_match": 0.8717948717948718,
        "numeric_exact_match": 0.5,
        "json_valid_rate": 1.0,
        "schema_pass_rate": 0.9487179487179487,
        "format_error_rate": 0.0,
        "schema_error_rate": 0.05128205128205128,
        "faithfulness_rate": 0.9230769230769231,
        "citation_precision": 0.9230769230769231,
        "citation_consistency_score": 0.8076923076923077,
        "chunk_valid_rate": 0.9487179487179487,
        "quote_hit_rate": 0.9230769230769231,
        "number_coverage_rate": 0.8974358974358975,
        "entity_or_token_coverage_rate": 0.46153846153846156,
        "missing_evidence_rate": 0.0,
        "wrong_citation_rate": 0.07692307692307693,
        "unsupported_claim_rate": 0.02564102564102564,
        "fabricated_number_rate": 0.02564102564102564,
        "calculation_error_rate": 0.05128205128205128,
        "over_refusal_rate": 0.0,
        "forced_answer_rate": 0.0,
        "generic_answer_rate": 0.0
      },
      "unanswerable": {
        "num_samples": 6,
        "exact_match": 0.8333333333333334,
        "numeric_exact_match": 0.0,
        "json_valid_rate": 1.0,
        "schema_pass_rate": 1.0,
        "format_error_rate": 0.0,
        "schema_error_rate": 0.0,
        "faithfulness_rate": 0.8333333333333334,
        "citation_precision": 0.16666666666666666,
        "citation_consistency_score": 0.9166666666666666,
        "chunk_valid_rate": 1.0,
        "quote_hit_rate": 1.0,
        "number_coverage_rate": 0.8333333333333334,
        "entity_or_token_coverage_rate": 0.8333333333333334,
        "missing_evidence_rate": 0.0,
        "wrong_citation_rate": 0.0,
        "unsupported_claim_rate": 0.16666666666666666,
        "fabricated_number_rate": 0.16666666666666666,
        "calculation_error_rate": 0.0,
        "over_refusal_rate": 0.0,
        "forced_answer_rate": 0.16666666666666666,
        "generic_answer_rate": 0.0
      }
    },